{
  "$schema": "./node_modules/@angular/cli/lib/config/schema.json",
  "project": {
    "name": "bcw-web"
  },
  "apps": [{
    "root": "src",
    "outDir": "dist",
    "assets": [
      "assets",
      "favicon.ico"
    ],
    "index": "index.html",
    "main": "main.ts",
    "polyfills": "polyfills.ts",
    "test": "test.ts",
    "tsconfig": "tsconfig.app.json",
    "testTsconfig": "tsconfig.spec.json",
    "prefix": "app",
    "styles": [
      "styles.scss"
    ],
    "scripts": [
      "../node_modules/moment/moment.js",
      "../node_modules/numeral/numeral.js",
      "../node_modules/admin-lte/plugins/jQuery/jquery-2.2.3.min.js",
      "../node_modules/admin-lte/bootstrap/js/bootstrap.js",
      "../node_modules/admin-lte/plugins/iCheck/icheck.min.js",
      "../node_modules/admin-lte/plugins/slimScroll/jquery.slimscroll.js",
      "../node_modules/urijs/src/URI.js",
      "../node_modules/sweetalert/dist/sweetalert.min.js",
      "../node_modules/admin-lte/plugins/pace/pace.js",
      "../src/assets/vendor/cronGen/cronGen.js",
      "../src/assets/vendor/ckeditor/ckeditor.js",
      "../node_modules/chart.js/dist/Chart.js",
      "../node_modules/eonasdan-bootstrap-datetimepicker/src/js/bootstrap-datetimepicker.js",
      "../node_modules/admin-lte/dist/js/app.js",
      "../node_modules/admin-lte/dist/js/demo.js",
      "../src/assets/vendor/ace-builds/src-noconflict/ace.js",
      "../src/assets/vendor/ace-builds/src-noconflict/theme-twilight.js",
      "../src/assets/vendor/ace-builds/src-noconflict/mode-javascript.js",
      "../src/assets/vendor/ace-builds/src-noconflict/ext-language_tools.js",
      "../src/assets/vendor/jQuery-File-Upload-9.18.0/js/vendor/jquery.ui.widget.js",
      "../node_modules/blueimp-file-upload/js/jquery.fileupload.js",
      "../node_modules/blueimp-file-upload/js/jquery.fileupload-process.js",
      "../node_modules/autosize/dist/autosize.min.js"
    ],
    "environmentSource": "environments/environment.ts",
    "environments": {
      "dev": "environments/environment.ts",
      "prod": "environments/environment.prod.ts"
    }
  }],
  "e2e": {
    "protractor": {
      "config": "./protractor.conf.js"
    }
  },
  "lint": [{
      "project": "src/tsconfig.app.json",
      "exclude": "**/node_modules/**"
    },
    {
      "project": "src/tsconfig.spec.json",
      "exclude": "**/node_modules/**"
    },
    {
      "project": "e2e/tsconfig.e2e.json",
      "exclude": "**/node_modules/**"
    }
  ],
  "test": {
    "karma": {
      "config": "./karma.conf.js"
    }
  },
  "defaults": {
    "styleExt": "scss",
    "component": {}
  }
}
